problem,granularity,scope,feature,classifier,parameters,partition,val_acc,val_prec,val_rec,val_gmean,val_f1,val_mcc,train_time,val_time,test_acc,test_prec,test_rec,test_gmean,test_f1,test_mcc,test_time
access_complexity,method,whole,subwords,knn,11-distance-1,0.0,0.6957,0.7562,0.5076,0.6196,0.5398,0.3992,0.071,5.452,0.68,0.7459,0.5051,0.6138,0.5379,0.3618,5.256
access_complexity,method,whole,subwords,knn,11-distance-2,0.0,0.7157,0.6914,0.5569,0.6205,0.5926,0.4281,0.07,1.207,0.706,0.7413,0.5491,0.638,0.592,0.4064,1.171
access_complexity,method,whole,subwords,knn,11-uniform-1,0.0,0.6817,0.7799,0.4851,0.6151,0.5111,0.3721,0.064,5.297,0.658,0.7332,0.4753,0.5903,0.4967,0.3166,5.23
access_complexity,method,whole,subwords,knn,11-uniform-2,0.0,0.7027,0.6827,0.5266,0.5996,0.5597,0.3989,0.084,1.205,0.693,0.7645,0.5446,0.6452,0.5916,0.3787,1.176
access_complexity,method,whole,subwords,knn,31-distance-1,0.0,0.6486,0.4789,0.4027,0.4391,0.3797,0.2919,0.07,5.449,0.638,0.6917,0.4121,0.5339,0.4013,0.2664,5.298
access_complexity,method,whole,subwords,knn,31-distance-2,0.0,0.6847,0.7986,0.4535,0.6018,0.4572,0.3559,0.068,1.206,0.689,0.7199,0.4734,0.5838,0.491,0.3689,1.18
access_complexity,method,whole,subwords,knn,31-uniform-1,0.0,0.6336,0.477,0.388,0.4302,0.3549,0.259,0.064,5.379,0.622,0.8179,0.3948,0.5682,0.3682,0.2387,5.347
access_complexity,method,whole,subwords,knn,31-uniform-2,0.0,0.6627,0.4516,0.4249,0.438,0.416,0.3058,0.069,1.216,0.67,0.7082,0.4564,0.5685,0.4708,0.3273,1.206
access_complexity,method,whole,subwords,knn,5-distance-1,0.0,0.7347,0.7465,0.5989,0.6686,0.6387,0.4758,0.063,5.258,0.723,0.7662,0.5994,0.6777,0.6442,0.4496,5.123
access_complexity,method,whole,subwords,knn,5-distance-2,0.0,0.7187,0.6846,0.617,0.6499,0.6429,0.4403,0.064,1.246,0.737,0.7344,0.6506,0.6912,0.683,0.478,1.198
access_complexity,method,whole,subwords,knn,5-uniform-1,0.0,0.7197,0.7091,0.5581,0.6291,0.5922,0.4456,0.076,5.265,0.704,0.76,0.5814,0.6647,0.6233,0.4133,5.174
access_complexity,method,whole,subwords,knn,5-uniform-2,0.0,0.7137,0.6545,0.6119,0.6328,0.6279,0.4313,0.063,1.243,0.721,0.7107,0.6272,0.6676,0.6582,0.4442,1.207
access_complexity,method,whole,subwords,knn,51-distance-1,0.0,0.6316,0.473,0.3865,0.4276,0.353,0.2523,0.078,5.44,0.619,0.7883,0.3857,0.5514,0.3558,0.2152,5.57
access_complexity,method,whole,subwords,knn,51-distance-2,0.0,0.6657,0.4543,0.4272,0.4405,0.4186,0.3129,0.084,1.219,0.674,0.7984,0.4408,0.5932,0.4411,0.3359,1.17
access_complexity,method,whole,subwords,knn,51-uniform-1,0.0,0.6166,0.4834,0.3713,0.4237,0.3235,0.2212,0.07,5.437,0.605,0.8159,0.37,0.5494,0.3205,0.1914,5.31
access_complexity,method,whole,subwords,knn,51-uniform-2,0.0,0.6567,0.4503,0.4182,0.4339,0.407,0.2929,0.069,1.223,0.658,0.7879,0.4267,0.5798,0.4233,0.2995,1.201
access_complexity,method,whole,subwords,lgbm,100-100,0.0,0.8168,0.8491,0.6653,0.7516,0.7142,0.636,153.379,0.046,0.803,0.8692,0.6609,0.7579,0.7168,0.6079,0.037
access_complexity,method,whole,subwords,lgbm,100-200,0.0,0.8088,0.8422,0.649,0.7393,0.6974,0.6192,221.28,0.048,0.8,0.8396,0.6404,0.7333,0.6905,0.6015,0.041
access_complexity,method,whole,subwords,lgbm,100-300,0.0,0.8078,0.8421,0.6478,0.7386,0.6966,0.6171,256.778,0.05,0.804,0.8456,0.6515,0.7422,0.7033,0.6102,0.044
access_complexity,method,whole,subwords,lgbm,200-100,0.0,0.8218,0.8502,0.6603,0.7492,0.7076,0.646,280.416,0.065,0.803,0.847,0.6804,0.7592,0.7324,0.6087,0.055
access_complexity,method,whole,subwords,lgbm,200-200,0.0,0.8108,0.8479,0.6683,0.7527,0.7191,0.6237,367.195,0.063,0.805,0.849,0.6708,0.7546,0.7236,0.6127,0.058
access_complexity,method,whole,subwords,lgbm,200-300,0.0,0.8168,0.8518,0.6731,0.7572,0.7237,0.6359,401.955,0.064,0.809,0.8508,0.6641,0.7517,0.7168,0.6207,0.059
access_complexity,method,whole,subwords,lgbm,300-100,0.0,0.8198,0.8513,0.6673,0.7537,0.7163,0.642,382.282,0.079,0.811,0.8528,0.6956,0.7702,0.7468,0.6251,0.07
access_complexity,method,whole,subwords,lgbm,300-200,0.0,0.8138,0.85,0.6706,0.755,0.7213,0.6298,455.98,0.07,0.809,0.8527,0.6733,0.7577,0.7265,0.621,0.064
access_complexity,method,whole,subwords,lgbm,300-300,0.0,0.8168,0.8518,0.6731,0.7572,0.7237,0.6359,486.178,0.07,0.811,0.8545,0.674,0.7589,0.7273,0.6254,0.064
access_complexity,method,whole,subwords,lgbm,400-100,0.0,0.8198,0.8519,0.6665,0.7535,0.716,0.6417,467.232,0.085,0.814,0.8566,0.7061,0.7777,0.7569,0.6314,0.08
access_complexity,method,whole,subwords,lgbm,400-200,0.0,0.8118,0.8485,0.6691,0.7535,0.7199,0.6258,526.153,0.079,0.808,0.8514,0.673,0.757,0.726,0.6188,0.075
access_complexity,method,whole,subwords,lgbm,400-300,0.0,0.8108,0.8477,0.6686,0.7528,0.7192,0.6238,549.6,0.075,0.815,0.8568,0.6774,0.7618,0.7305,0.6333,0.072
access_complexity,method,whole,subwords,lgbm,500-100,0.0,0.8168,0.8499,0.6645,0.7515,0.714,0.6357,548.549,0.096,0.813,0.8562,0.705,0.7769,0.756,0.6295,0.082
access_complexity,method,whole,subwords,lgbm,500-200,0.0,0.8138,0.8497,0.6708,0.755,0.7215,0.6299,589.314,0.074,0.81,0.8537,0.6739,0.7585,0.7272,0.6231,0.067
access_complexity,method,whole,subwords,lgbm,500-300,0.0,0.8128,0.8487,0.6705,0.7544,0.7209,0.6279,608.184,0.107,0.817,0.8583,0.6791,0.7635,0.7322,0.6373,0.068
access_complexity,method,whole,subwords,lr,0.01,0.0,0.7998,0.7903,0.7099,0.749,0.7419,0.6065,67.364,0.014,0.783,0.779,0.6973,0.737,0.7298,0.5728,0.011
access_complexity,method,whole,subwords,lr,0.1,0.0,0.8058,0.7837,0.715,0.7486,0.743,0.6195,126.46,0.014,0.782,0.7702,0.7076,0.7382,0.7338,0.5735,0.011
access_complexity,method,whole,subwords,lr,1,0.0,0.8008,0.7873,0.7026,0.7437,0.7352,0.6093,196.036,0.012,0.772,0.7731,0.7017,0.7366,0.7307,0.5551,0.011
access_complexity,method,whole,subwords,lr,10,0.0,0.7918,0.7701,0.698,0.7331,0.7262,0.5938,260.478,0.013,0.773,0.757,0.6844,0.7198,0.7129,0.5571,0.01
access_complexity,method,whole,subwords,lr,100,0.0,0.7918,0.784,0.7074,0.7447,0.7375,0.5942,371.605,0.014,0.773,0.757,0.6844,0.7198,0.7129,0.5571,0.011
access_complexity,method,whole,subwords,rf,100-100,0.0,0.7297,0.8293,0.516,0.6541,0.5445,0.4561,0.68,0.354,0.73,0.7732,0.5126,0.6296,0.5394,0.463,0.318
access_complexity,method,whole,subwords,rf,100-200,0.0,0.7508,0.8398,0.5523,0.6811,0.5919,0.4998,0.954,0.374,0.742,0.7959,0.5418,0.6566,0.5794,0.4867,0.326
access_complexity,method,whole,subwords,rf,100-300,0.0,0.7658,0.8462,0.5841,0.703,0.6311,0.5305,1.199,0.358,0.756,0.7774,0.5626,0.6613,0.6024,0.5157,0.324
access_complexity,method,whole,subwords,rf,200-100,0.0,0.7357,0.8355,0.5197,0.659,0.5485,0.47,1.168,0.71,0.733,0.7771,0.5143,0.6322,0.5413,0.4707,0.643
access_complexity,method,whole,subwords,rf,200-200,0.0,0.7538,0.8444,0.5532,0.6835,0.5931,0.5074,1.777,0.684,0.739,0.7948,0.539,0.6545,0.5764,0.4811,0.621
access_complexity,method,whole,subwords,rf,200-300,0.0,0.7598,0.8454,0.5687,0.6933,0.6126,0.5188,2.185,0.721,0.753,0.802,0.5511,0.6649,0.5893,0.509,0.645
access_complexity,method,whole,subwords,rf,300-100,0.0,0.7367,0.8361,0.5206,0.6597,0.5494,0.4721,1.658,1.065,0.735,0.7899,0.5247,0.6438,0.5571,0.4758,0.955
access_complexity,method,whole,subwords,rf,300-200,0.0,0.7467,0.8409,0.5296,0.6674,0.5588,0.492,2.456,1.046,0.744,0.7983,0.5429,0.6583,0.5806,0.4916,0.935
access_complexity,method,whole,subwords,rf,300-300,0.0,0.7528,0.8406,0.5543,0.6826,0.5939,0.5037,3.062,1.077,0.748,0.7986,0.5471,0.661,0.5851,0.4985,1.029
access_complexity,method,whole,subwords,rf,400-100,0.0,0.7357,0.8361,0.5194,0.659,0.5482,0.4703,2.127,1.428,0.734,0.7893,0.5239,0.643,0.5561,0.4738,1.286
access_complexity,method,whole,subwords,rf,400-200,0.0,0.7457,0.8403,0.5288,0.6666,0.558,0.49,3.16,1.413,0.745,0.7995,0.5435,0.6592,0.5813,0.4941,1.288
access_complexity,method,whole,subwords,rf,400-300,0.0,0.7578,0.8451,0.5664,0.6918,0.6104,0.5152,4.032,1.435,0.751,0.8015,0.5492,0.6635,0.5872,0.5054,1.334
access_complexity,method,whole,subwords,rf,500-100,0.0,0.7337,0.8349,0.5177,0.6575,0.5464,0.4662,2.592,1.73,0.733,0.7771,0.5143,0.6322,0.5413,0.4707,1.574
access_complexity,method,whole,subwords,rf,500-200,0.0,0.7437,0.8387,0.5273,0.665,0.5564,0.4856,3.864,1.73,0.746,0.8007,0.5441,0.6601,0.5819,0.4966,1.542
access_complexity,method,whole,subwords,rf,500-300,0.0,0.7588,0.8461,0.567,0.6926,0.6111,0.5174,5.005,1.755,0.75,0.8004,0.5486,0.6626,0.5866,0.5029,1.608
access_complexity,method,whole,subwords,svm,0.01,0.0,0.7918,0.7439,0.7159,0.7297,0.7285,0.5957,128.527,0.02,0.772,0.7206,0.6657,0.6926,0.6878,0.5551,0.016
access_complexity,method,whole,subwords,svm,0.1,0.0,0.7828,0.7173,0.719,0.7182,0.7181,0.5806,127.386,0.019,0.764,0.7169,0.6776,0.697,0.6948,0.5397,0.016
access_complexity,method,whole,subwords,svm,1,0.0,0.7688,0.7166,0.7185,0.7175,0.7174,0.5539,129.83,0.019,0.762,0.7311,0.6764,0.7032,0.6991,0.5355,0.016
access_complexity,method,whole,subwords,svm,10,0.0,0.7708,0.7236,0.7197,0.7216,0.7215,0.5571,141.788,0.02,0.763,0.7318,0.6778,0.7043,0.7001,0.5383,0.018
access_complexity,method,whole,subwords,svm,100,0.0,0.7708,0.7236,0.7197,0.7216,0.7215,0.5571,143.401,0.02,0.761,0.7222,0.6766,0.6991,0.6959,0.5351,0.017
access_complexity,method,whole,subwords,xgb,100-100,0.0,0.7107,0.6853,0.4911,0.5801,0.5097,0.4162,27.34,0.012,0.703,0.7362,0.5097,0.6126,0.542,0.4049,0.013
access_complexity,method,whole,subwords,xgb,100-200,0.0,0.7107,0.6853,0.4911,0.5801,0.5097,0.4162,26.818,0.018,0.703,0.7362,0.5097,0.6126,0.542,0.4049,0.014
access_complexity,method,whole,subwords,xgb,100-300,0.0,0.7107,0.6853,0.4911,0.5801,0.5097,0.4162,26.811,0.013,0.703,0.7362,0.5097,0.6126,0.542,0.4049,0.017
access_complexity,method,whole,subwords,xgb,200-100,0.0,0.7437,0.7473,0.5648,0.6496,0.6047,0.4875,53.133,0.014,0.736,0.7813,0.5736,0.6694,0.6198,0.4753,0.014
access_complexity,method,whole,subwords,xgb,200-200,0.0,0.7437,0.7473,0.5648,0.6496,0.6047,0.4875,53.014,0.013,0.736,0.7813,0.5736,0.6694,0.6198,0.4753,0.016
access_complexity,method,whole,subwords,xgb,200-300,0.0,0.7437,0.7473,0.5648,0.6496,0.6047,0.4875,52.95,0.013,0.736,0.7813,0.5736,0.6694,0.6198,0.4753,0.013
access_complexity,method,whole,subwords,xgb,300-100,0.0,0.7608,0.8079,0.6414,0.7199,0.6918,0.5252,79.545,0.02,0.747,0.7663,0.5835,0.6686,0.6275,0.4974,0.014
access_complexity,method,whole,subwords,xgb,300-200,0.0,0.7608,0.8079,0.6414,0.7199,0.6918,0.5252,78.856,0.02,0.747,0.7663,0.5835,0.6686,0.6275,0.4974,0.016
access_complexity,method,whole,subwords,xgb,300-300,0.0,0.7608,0.8079,0.6414,0.7199,0.6918,0.5252,78.839,0.013,0.747,0.7663,0.5835,0.6686,0.6275,0.4974,0.014
access_complexity,method,whole,subwords,xgb,400-100,0.0,0.7718,0.8168,0.6594,0.7339,0.7094,0.5478,104.531,0.014,0.763,0.7824,0.6052,0.6881,0.6512,0.5309,0.014
access_complexity,method,whole,subwords,xgb,400-200,0.0,0.7718,0.8168,0.6594,0.7339,0.7094,0.5478,104.58,0.014,0.763,0.7824,0.6052,0.6881,0.6512,0.5309,0.014
access_complexity,method,whole,subwords,xgb,400-300,0.0,0.7718,0.8168,0.6594,0.7339,0.7094,0.5478,105.333,0.015,0.763,0.7824,0.6052,0.6881,0.6512,0.5309,0.015
access_complexity,method,whole,subwords,xgb,500-100,0.0,0.7678,0.8133,0.6672,0.7366,0.7159,0.5388,131.0,0.022,0.763,0.7843,0.6155,0.6948,0.6622,0.5299,0.016
access_complexity,method,whole,subwords,xgb,500-200,0.0,0.7678,0.8133,0.6672,0.7366,0.7159,0.5388,130.465,0.014,0.763,0.7843,0.6155,0.6948,0.6622,0.5299,0.015
access_complexity,method,whole,subwords,xgb,500-300,0.0,0.7678,0.8133,0.6672,0.7366,0.7159,0.5388,130.745,0.015,0.763,0.7843,0.6155,0.6948,0.6622,0.5299,0.017
