problem,partition,granularity,scope,feature,classifier,parameters,val_acc,val_prec,val_rec,val_gmean,val_f1,val_mcc,train_time,val_time,test_acc,test_prec,test_rec,test_gmean,test_f1,test_mcc,test_time
confidentiality,0,method,whole,subwords,lgbm,100-100,0.542,0.498,0.514,0.506,0.501,0.246,168.36,0.052,0.565,0.547,0.52,0.533,0.515,0.318,0.046
confidentiality,0,method,whole,subwords,lgbm,100-200,0.582,0.542,0.539,0.54,0.533,0.293,244.763,0.057,0.561,0.538,0.513,0.525,0.504,0.312,0.049
confidentiality,0,method,whole,subwords,lgbm,100-300,0.567,0.519,0.527,0.523,0.518,0.273,296.741,0.058,0.55,0.521,0.502,0.512,0.493,0.295,0.051
confidentiality,0,method,whole,subwords,lgbm,200-100,0.539,0.493,0.502,0.498,0.493,0.233,462.884,0.106,0.555,0.529,0.51,0.519,0.503,0.303,0.1
confidentiality,0,method,whole,subwords,lgbm,200-200,0.577,0.532,0.537,0.535,0.529,0.291,646.095,0.128,0.554,0.523,0.505,0.514,0.495,0.301,0.12
confidentiality,0,method,whole,subwords,lgbm,200-300,0.558,0.511,0.522,0.516,0.512,0.262,728.457,0.131,0.557,0.538,0.511,0.524,0.505,0.306,0.143
confidentiality,0,method,whole,subwords,lgbm,300-100,0.543,0.498,0.507,0.502,0.498,0.242,678.364,0.165,0.545,0.521,0.502,0.511,0.496,0.287,0.161
confidentiality,0,method,whole,subwords,lgbm,300-200,0.574,0.525,0.533,0.529,0.524,0.287,744.07,0.158,0.557,0.531,0.51,0.521,0.503,0.306,0.16
confidentiality,0,method,whole,subwords,lgbm,300-300,0.558,0.51,0.522,0.516,0.512,0.262,644.622,0.095,0.556,0.532,0.511,0.521,0.506,0.305,0.089
confidentiality,0,method,whole,subwords,lgbm,400-100,0.543,0.5,0.515,0.507,0.503,0.25,548.838,0.101,0.546,0.525,0.505,0.515,0.501,0.289,0.094
confidentiality,0,method,whole,subwords,lgbm,400-200,0.569,0.52,0.528,0.524,0.52,0.277,561.357,0.093,0.555,0.527,0.509,0.518,0.501,0.303,0.084
confidentiality,0,method,whole,subwords,lgbm,400-300,0.556,0.509,0.519,0.514,0.51,0.258,593.421,0.088,0.556,0.532,0.512,0.522,0.507,0.305,0.078
confidentiality,0,method,whole,subwords,lgbm,500-100,0.546,0.501,0.516,0.508,0.504,0.252,598.155,0.108,0.546,0.525,0.506,0.515,0.503,0.29,0.1
confidentiality,0,method,whole,subwords,lgbm,500-200,0.567,0.517,0.526,0.521,0.517,0.274,607.055,0.095,0.562,0.536,0.517,0.526,0.511,0.314,0.085
confidentiality,0,method,whole,subwords,lgbm,500-300,0.561,0.512,0.522,0.517,0.512,0.265,644.658,0.095,0.551,0.525,0.508,0.516,0.503,0.298,0.086
confidentiality,1,method,whole,subwords,lgbm,100-100,0.579,0.597,0.526,0.561,0.514,0.35,155.189,0.046,0.642,0.65,0.563,0.605,0.569,0.41,0.054
confidentiality,1,method,whole,subwords,lgbm,100-200,0.555,0.573,0.501,0.536,0.485,0.305,230.693,0.058,0.637,0.649,0.556,0.6,0.561,0.402,0.08
confidentiality,1,method,whole,subwords,lgbm,100-300,0.574,0.577,0.518,0.547,0.498,0.339,266.226,0.057,0.648,0.652,0.564,0.606,0.567,0.42,0.073
confidentiality,1,method,whole,subwords,lgbm,200-100,0.577,0.58,0.524,0.551,0.509,0.346,298.115,0.081,0.635,0.643,0.56,0.6,0.568,0.398,0.08
confidentiality,1,method,whole,subwords,lgbm,200-200,0.564,0.568,0.508,0.537,0.49,0.322,398.059,0.068,0.646,0.655,0.563,0.607,0.567,0.416,0.076
confidentiality,1,method,whole,subwords,lgbm,200-300,0.57,0.573,0.516,0.544,0.501,0.332,431.071,0.071,0.643,0.648,0.56,0.602,0.564,0.412,0.091
confidentiality,1,method,whole,subwords,lgbm,300-100,0.583,0.594,0.529,0.56,0.515,0.355,425.849,0.086,0.64,0.639,0.562,0.599,0.568,0.407,0.097
confidentiality,1,method,whole,subwords,lgbm,300-200,0.569,0.571,0.514,0.542,0.498,0.33,460.153,0.095,0.642,0.652,0.559,0.604,0.564,0.409,0.108
confidentiality,1,method,whole,subwords,lgbm,300-300,0.569,0.568,0.516,0.541,0.5,0.331,498.554,0.077,0.655,0.665,0.571,0.616,0.576,0.432,0.099
confidentiality,1,method,whole,subwords,lgbm,400-100,0.576,0.578,0.525,0.551,0.515,0.343,850.932,0.154,0.642,0.642,0.565,0.602,0.571,0.41,0.164
confidentiality,1,method,whole,subwords,lgbm,400-200,0.56,0.559,0.506,0.532,0.49,0.315,818.262,0.138,0.644,0.657,0.561,0.607,0.566,0.413,0.171
confidentiality,1,method,whole,subwords,lgbm,400-300,0.576,0.584,0.524,0.553,0.511,0.342,819.317,0.14,0.66,0.669,0.577,0.621,0.583,0.441,0.159
confidentiality,1,method,whole,subwords,lgbm,500-100,0.576,0.582,0.525,0.553,0.515,0.343,763.453,0.156,0.642,0.646,0.566,0.604,0.573,0.41,0.174
confidentiality,1,method,whole,subwords,lgbm,500-200,0.562,0.566,0.509,0.537,0.494,0.318,803.892,0.151,0.648,0.661,0.565,0.611,0.571,0.419,0.171
confidentiality,1,method,whole,subwords,lgbm,500-300,0.571,0.581,0.519,0.549,0.507,0.334,852.987,0.148,0.656,0.662,0.574,0.616,0.579,0.435,0.156
confidentiality,2,method,whole,subwords,lgbm,100-100,0.622,0.619,0.558,0.588,0.567,0.381,200.622,0.077,0.596,0.559,0.511,0.534,0.519,0.272,0.067
confidentiality,2,method,whole,subwords,lgbm,100-200,0.634,0.636,0.564,0.599,0.573,0.398,304.802,0.093,0.611,0.597,0.512,0.553,0.522,0.296,0.073
confidentiality,2,method,whole,subwords,lgbm,100-300,0.628,0.613,0.562,0.587,0.569,0.391,340.379,0.114,0.621,0.577,0.518,0.547,0.527,0.309,0.099
confidentiality,2,method,whole,subwords,lgbm,200-100,0.622,0.611,0.561,0.586,0.569,0.383,372.372,0.115,0.589,0.537,0.504,0.52,0.507,0.267,0.102
confidentiality,2,method,whole,subwords,lgbm,200-200,0.632,0.615,0.567,0.591,0.574,0.399,484.968,0.122,0.608,0.589,0.519,0.552,0.529,0.296,0.105
confidentiality,2,method,whole,subwords,lgbm,200-300,0.615,0.598,0.553,0.575,0.559,0.372,588.665,0.128,0.614,0.571,0.517,0.544,0.523,0.306,0.115
confidentiality,2,method,whole,subwords,lgbm,300-100,0.616,0.602,0.555,0.578,0.563,0.373,550.455,0.146,0.588,0.535,0.501,0.518,0.503,0.27,0.126
confidentiality,2,method,whole,subwords,lgbm,300-200,0.627,0.613,0.564,0.588,0.571,0.391,618.949,0.129,0.603,0.573,0.514,0.543,0.523,0.286,0.114
confidentiality,2,method,whole,subwords,lgbm,300-300,0.62,0.602,0.558,0.579,0.564,0.379,671.516,0.113,0.608,0.555,0.511,0.533,0.514,0.299,0.107
confidentiality,2,method,whole,subwords,lgbm,400-100,0.614,0.593,0.554,0.573,0.56,0.37,477.124,0.112,0.582,0.525,0.497,0.511,0.498,0.261,0.098
confidentiality,2,method,whole,subwords,lgbm,400-200,0.625,0.613,0.562,0.587,0.57,0.387,488.482,0.094,0.6,0.569,0.509,0.538,0.517,0.282,0.08
confidentiality,2,method,whole,subwords,lgbm,400-300,0.625,0.606,0.562,0.583,0.568,0.388,512.324,0.093,0.608,0.555,0.511,0.532,0.514,0.298,0.079
confidentiality,2,method,whole,subwords,lgbm,500-100,0.617,0.597,0.555,0.576,0.561,0.375,529.586,0.116,0.583,0.522,0.495,0.508,0.495,0.261,0.11
confidentiality,2,method,whole,subwords,lgbm,500-200,0.631,0.622,0.571,0.596,0.58,0.398,538.37,0.099,0.606,0.575,0.516,0.545,0.524,0.291,0.085
confidentiality,2,method,whole,subwords,lgbm,500-300,0.621,0.603,0.558,0.58,0.565,0.38,571.466,0.098,0.6,0.55,0.505,0.527,0.509,0.284,0.083
confidentiality,3,method,whole,subwords,lgbm,100-100,0.568,0.468,0.439,0.453,0.444,0.187,153.675,0.057,0.729,0.718,0.656,0.686,0.675,0.51,0.052
confidentiality,3,method,whole,subwords,lgbm,100-200,0.577,0.51,0.448,0.478,0.458,0.197,224.434,0.054,0.724,0.716,0.643,0.679,0.664,0.499,0.055
confidentiality,3,method,whole,subwords,lgbm,100-300,0.582,0.508,0.453,0.48,0.464,0.207,267.439,0.054,0.718,0.712,0.651,0.681,0.669,0.494,0.057
confidentiality,3,method,whole,subwords,lgbm,200-100,0.546,0.459,0.433,0.446,0.439,0.155,296.343,0.073,0.725,0.712,0.656,0.683,0.673,0.505,0.079
confidentiality,3,method,whole,subwords,lgbm,200-200,0.569,0.492,0.446,0.468,0.455,0.187,388.75,0.077,0.725,0.72,0.65,0.684,0.67,0.505,0.075
confidentiality,3,method,whole,subwords,lgbm,200-300,0.568,0.476,0.443,0.459,0.449,0.189,431.129,0.075,0.721,0.712,0.649,0.68,0.669,0.496,0.077
confidentiality,3,method,whole,subwords,lgbm,300-100,0.549,0.467,0.44,0.454,0.447,0.161,414.775,0.086,0.721,0.706,0.652,0.678,0.669,0.498,0.111
confidentiality,3,method,whole,subwords,lgbm,300-200,0.57,0.488,0.453,0.47,0.461,0.194,464.58,0.08,0.729,0.721,0.656,0.688,0.676,0.51,0.09
confidentiality,3,method,whole,subwords,lgbm,300-300,0.573,0.488,0.452,0.469,0.459,0.198,493.998,0.077,0.722,0.714,0.651,0.681,0.671,0.497,0.084
confidentiality,3,method,whole,subwords,lgbm,400-100,0.558,0.474,0.448,0.461,0.455,0.179,501.088,0.096,0.728,0.71,0.661,0.685,0.677,0.51,0.111
confidentiality,3,method,whole,subwords,lgbm,400-200,0.579,0.509,0.464,0.486,0.475,0.208,535.36,0.084,0.729,0.727,0.656,0.691,0.677,0.51,0.091
confidentiality,3,method,whole,subwords,lgbm,400-300,0.573,0.484,0.452,0.468,0.459,0.199,555.188,0.09,0.722,0.714,0.652,0.682,0.671,0.498,0.126
confidentiality,3,method,whole,subwords,lgbm,500-100,0.559,0.473,0.449,0.461,0.455,0.181,735.631,0.149,0.729,0.706,0.662,0.684,0.676,0.513,0.175
confidentiality,3,method,whole,subwords,lgbm,500-200,0.574,0.499,0.462,0.48,0.471,0.203,626.153,0.129,0.733,0.728,0.661,0.694,0.682,0.518,0.144
confidentiality,3,method,whole,subwords,lgbm,500-300,0.57,0.48,0.45,0.465,0.457,0.195,665.013,0.145,0.723,0.711,0.651,0.681,0.671,0.498,0.169
confidentiality,4,method,whole,subwords,lgbm,100-100,0.768,0.736,0.709,0.722,0.715,0.593,181.486,0.078,0.685,0.386,0.343,0.364,0.315,0.03,0.063
confidentiality,4,method,whole,subwords,lgbm,100-200,0.763,0.746,0.701,0.723,0.712,0.584,263.231,0.086,0.685,0.347,0.34,0.343,0.309,0.029,0.069
confidentiality,4,method,whole,subwords,lgbm,100-300,0.77,0.749,0.707,0.728,0.718,0.595,315.663,0.09,0.687,0.38,0.342,0.361,0.312,0.032,0.074
confidentiality,4,method,whole,subwords,lgbm,200-100,0.771,0.736,0.711,0.723,0.715,0.6,464.674,0.119,0.683,0.353,0.342,0.348,0.315,0.034,0.114
confidentiality,4,method,whole,subwords,lgbm,200-200,0.764,0.73,0.7,0.715,0.707,0.583,669.234,0.125,0.685,0.352,0.339,0.346,0.307,0.027,0.098
confidentiality,4,method,whole,subwords,lgbm,200-300,0.773,0.747,0.706,0.726,0.717,0.597,646.289,0.143,0.689,0.363,0.34,0.351,0.306,0.033,0.104
confidentiality,4,method,whole,subwords,lgbm,300-100,0.774,0.739,0.712,0.725,0.718,0.603,480.473,0.105,0.686,0.359,0.344,0.351,0.316,0.044,0.086
confidentiality,4,method,whole,subwords,lgbm,300-200,0.763,0.728,0.701,0.714,0.707,0.585,514.949,0.096,0.683,0.341,0.336,0.338,0.302,0.016,0.079
confidentiality,4,method,whole,subwords,lgbm,300-300,0.782,0.758,0.719,0.738,0.73,0.613,546.509,0.093,0.692,0.401,0.346,0.372,0.316,0.051,0.077
confidentiality,4,method,whole,subwords,lgbm,400-100,0.773,0.734,0.711,0.723,0.715,0.602,536.196,0.114,0.684,0.352,0.342,0.347,0.313,0.037,0.102
confidentiality,4,method,whole,subwords,lgbm,400-200,0.765,0.731,0.702,0.716,0.708,0.586,575.83,0.101,0.684,0.343,0.336,0.34,0.302,0.018,0.084
confidentiality,4,method,whole,subwords,lgbm,400-300,0.778,0.747,0.712,0.729,0.721,0.606,602.866,0.113,0.688,0.357,0.338,0.347,0.303,0.026,0.083
confidentiality,4,method,whole,subwords,lgbm,500-100,0.772,0.73,0.711,0.72,0.714,0.601,606.076,0.128,0.685,0.354,0.341,0.348,0.311,0.034,0.106
confidentiality,4,method,whole,subwords,lgbm,500-200,0.765,0.732,0.704,0.718,0.71,0.586,628.36,0.109,0.686,0.35,0.337,0.343,0.303,0.024,0.092
confidentiality,4,method,whole,subwords,lgbm,500-300,0.777,0.744,0.711,0.727,0.72,0.604,655.036,0.106,0.688,0.381,0.341,0.361,0.31,0.031,0.099
confidentiality,5,method,whole,subwords,lgbm,100-100,0.672,0.299,0.327,0.313,0.291,-0.013,163.171,0.05,0.701,0.374,0.352,0.363,0.327,0.068,0.041
confidentiality,5,method,whole,subwords,lgbm,100-200,0.689,0.353,0.342,0.347,0.31,0.044,235.444,0.054,0.701,0.367,0.349,0.358,0.322,0.06,0.047
confidentiality,5,method,whole,subwords,lgbm,100-300,0.69,0.351,0.34,0.346,0.307,0.049,283.666,0.057,0.701,0.365,0.348,0.356,0.32,0.054,0.046
confidentiality,5,method,whole,subwords,lgbm,200-100,0.675,0.309,0.331,0.32,0.297,0.0,307.228,0.076,0.696,0.36,0.353,0.356,0.33,0.067,0.065
confidentiality,5,method,whole,subwords,lgbm,200-200,0.688,0.347,0.34,0.344,0.308,0.037,426.38,0.08,0.702,0.363,0.347,0.355,0.317,0.054,0.062
confidentiality,5,method,whole,subwords,lgbm,200-300,0.687,0.332,0.336,0.334,0.299,0.031,456.937,0.079,0.704,0.379,0.349,0.364,0.321,0.065,0.062
confidentiality,5,method,whole,subwords,lgbm,300-100,0.673,0.307,0.331,0.319,0.298,0.004,433.364,0.097,0.695,0.355,0.351,0.353,0.327,0.058,0.089
confidentiality,5,method,whole,subwords,lgbm,300-200,0.684,0.326,0.334,0.33,0.298,0.018,518.747,0.086,0.703,0.372,0.349,0.36,0.321,0.062,0.072
confidentiality,5,method,whole,subwords,lgbm,300-300,0.685,0.327,0.335,0.331,0.298,0.026,542.853,0.085,0.704,0.419,0.353,0.385,0.329,0.074,0.069
confidentiality,5,method,whole,subwords,lgbm,400-100,0.676,0.312,0.333,0.322,0.3,0.013,536.079,0.109,0.698,0.411,0.352,0.38,0.329,0.06,0.097
confidentiality,5,method,whole,subwords,lgbm,400-200,0.683,0.33,0.335,0.332,0.3,0.021,590.495,0.094,0.703,0.424,0.351,0.386,0.326,0.064,0.077
confidentiality,5,method,whole,subwords,lgbm,400-300,0.683,0.317,0.333,0.325,0.295,0.016,614.715,0.092,0.705,0.424,0.355,0.388,0.332,0.081,0.074
confidentiality,5,method,whole,subwords,lgbm,500-100,0.673,0.309,0.33,0.319,0.297,0.002,612.227,0.116,0.7,0.408,0.354,0.38,0.332,0.073,0.096
confidentiality,5,method,whole,subwords,lgbm,500-200,0.683,0.33,0.335,0.332,0.3,0.021,645.796,0.099,0.701,0.432,0.353,0.39,0.331,0.066,0.082
confidentiality,5,method,whole,subwords,lgbm,500-300,0.682,0.317,0.332,0.325,0.295,0.014,662.799,0.097,0.705,0.422,0.354,0.387,0.33,0.077,0.079
confidentiality,6,method,whole,subwords,lgbm,100-100,0.694,0.302,0.332,0.317,0.292,-0.011,157.562,0.047,0.736,0.569,0.516,0.542,0.516,0.323,0.048
confidentiality,6,method,whole,subwords,lgbm,100-200,0.697,0.283,0.329,0.305,0.284,-0.025,229.147,0.05,0.728,0.565,0.505,0.534,0.516,0.3,0.053
confidentiality,6,method,whole,subwords,lgbm,100-300,0.699,0.273,0.329,0.299,0.281,-0.034,275.81,0.081,0.728,0.561,0.499,0.529,0.506,0.293,0.079
confidentiality,6,method,whole,subwords,lgbm,200-100,0.688,0.302,0.332,0.317,0.296,-0.015,292.161,0.07,0.716,0.525,0.5,0.512,0.495,0.276,0.076
confidentiality,6,method,whole,subwords,lgbm,200-200,0.697,0.304,0.332,0.318,0.29,-0.013,407.999,0.073,0.721,0.544,0.499,0.521,0.504,0.284,0.076
confidentiality,6,method,whole,subwords,lgbm,200-300,0.699,0.274,0.329,0.3,0.281,-0.033,443.778,0.07,0.729,0.551,0.5,0.525,0.502,0.299,0.076
confidentiality,6,method,whole,subwords,lgbm,300-100,0.685,0.297,0.33,0.313,0.294,-0.024,427.072,0.088,0.713,0.522,0.501,0.512,0.496,0.273,0.095
confidentiality,6,method,whole,subwords,lgbm,300-200,0.698,0.305,0.332,0.318,0.291,-0.003,491.514,0.079,0.724,0.549,0.504,0.526,0.508,0.296,0.086
confidentiality,6,method,whole,subwords,lgbm,300-300,0.698,0.274,0.328,0.3,0.281,-0.035,521.516,0.076,0.724,0.536,0.497,0.516,0.497,0.288,0.083
confidentiality,6,method,whole,subwords,lgbm,400-100,0.687,0.274,0.326,0.299,0.284,-0.039,519.584,0.097,0.714,0.522,0.505,0.513,0.497,0.277,0.106
confidentiality,6,method,whole,subwords,lgbm,400-200,0.699,0.308,0.333,0.32,0.291,-0.0,556.552,0.083,0.725,0.547,0.507,0.527,0.509,0.301,0.09
confidentiality,6,method,whole,subwords,lgbm,400-300,0.699,0.274,0.329,0.3,0.281,-0.033,597.532,0.088,0.727,0.547,0.502,0.524,0.502,0.297,0.089
confidentiality,6,method,whole,subwords,lgbm,500-100,0.686,0.282,0.326,0.303,0.287,-0.033,592.798,0.102,0.715,0.519,0.506,0.512,0.495,0.28,0.111
confidentiality,6,method,whole,subwords,lgbm,500-200,0.699,0.314,0.333,0.323,0.291,-0.003,608.751,0.094,0.724,0.536,0.504,0.52,0.502,0.299,0.097
confidentiality,6,method,whole,subwords,lgbm,500-300,0.698,0.273,0.328,0.299,0.281,-0.031,636.906,0.093,0.726,0.545,0.502,0.523,0.502,0.295,0.096
confidentiality,7,method,whole,subwords,lgbm,100-100,0.702,0.395,0.414,0.404,0.401,0.225,151.421,0.051,0.218,0.339,0.365,0.352,0.177,0.001,0.042
confidentiality,7,method,whole,subwords,lgbm,100-200,0.713,0.403,0.411,0.407,0.4,0.231,219.37,0.077,0.229,0.122,0.375,0.214,0.184,0.007,0.067
confidentiality,7,method,whole,subwords,lgbm,100-300,0.715,0.403,0.41,0.406,0.4,0.238,258.633,0.061,0.238,0.129,0.399,0.226,0.194,0.033,0.049
confidentiality,7,method,whole,subwords,lgbm,200-100,0.704,0.395,0.414,0.404,0.402,0.233,287.889,0.079,0.216,0.115,0.359,0.203,0.173,0.005,0.062
confidentiality,7,method,whole,subwords,lgbm,200-200,0.706,0.396,0.403,0.4,0.393,0.214,441.951,0.113,0.224,0.117,0.361,0.206,0.176,0.007,0.097
confidentiality,7,method,whole,subwords,lgbm,200-300,0.712,0.4,0.407,0.404,0.397,0.229,465.948,0.147,0.238,0.127,0.395,0.224,0.192,0.036,0.118
confidentiality,7,method,whole,subwords,lgbm,300-100,0.701,0.39,0.408,0.399,0.396,0.222,449.539,0.14,0.213,0.11,0.34,0.194,0.166,-0.009,0.121
confidentiality,7,method,whole,subwords,lgbm,300-200,0.705,0.394,0.401,0.397,0.391,0.208,509.999,0.129,0.227,0.286,0.372,0.326,0.181,0.018,0.101
confidentiality,7,method,whole,subwords,lgbm,300-300,0.713,0.404,0.41,0.407,0.401,0.237,544.326,0.125,0.237,0.125,0.386,0.219,0.188,0.036,0.104
confidentiality,7,method,whole,subwords,lgbm,400-100,0.705,0.393,0.408,0.4,0.397,0.228,557.714,0.16,0.215,0.111,0.342,0.195,0.167,-0.002,0.135
confidentiality,7,method,whole,subwords,lgbm,400-200,0.704,0.394,0.402,0.398,0.392,0.21,584.962,0.136,0.226,0.286,0.371,0.326,0.18,0.02,0.113
confidentiality,7,method,whole,subwords,lgbm,400-300,0.713,0.404,0.41,0.407,0.401,0.234,608.328,0.136,0.238,0.126,0.391,0.222,0.19,0.04,0.121
confidentiality,7,method,whole,subwords,lgbm,500-100,0.705,0.394,0.408,0.401,0.397,0.226,628.466,0.169,0.217,0.114,0.353,0.201,0.172,0.002,0.147
confidentiality,7,method,whole,subwords,lgbm,500-200,0.706,0.396,0.401,0.399,0.392,0.212,644.631,0.141,0.23,0.288,0.377,0.329,0.183,0.029,0.118
confidentiality,7,method,whole,subwords,lgbm,500-300,0.712,0.403,0.409,0.406,0.4,0.232,656.434,0.158,0.235,0.124,0.383,0.218,0.186,0.035,0.16
confidentiality,8,method,whole,subwords,lgbm,100-100,0.307,0.397,0.399,0.398,0.24,0.108,166.773,0.063,0.528,0.408,0.377,0.392,0.371,0.109,0.072
confidentiality,8,method,whole,subwords,lgbm,100-200,0.314,0.414,0.431,0.422,0.263,0.118,239.032,0.068,0.536,0.441,0.382,0.41,0.376,0.122,0.068
confidentiality,8,method,whole,subwords,lgbm,100-300,0.314,0.413,0.441,0.427,0.268,0.119,284.935,0.075,0.517,0.401,0.368,0.384,0.361,0.087,0.104
confidentiality,8,method,whole,subwords,lgbm,200-100,0.314,0.408,0.417,0.413,0.254,0.12,308.414,0.096,0.519,0.384,0.371,0.377,0.365,0.094,0.094
confidentiality,8,method,whole,subwords,lgbm,200-200,0.317,0.411,0.434,0.422,0.267,0.12,429.742,0.094,0.534,0.423,0.381,0.401,0.375,0.119,0.091
confidentiality,8,method,whole,subwords,lgbm,200-300,0.318,0.422,0.456,0.438,0.275,0.132,477.495,0.098,0.528,0.352,0.371,0.362,0.36,0.107,0.094
confidentiality,8,method,whole,subwords,lgbm,300-100,0.312,0.407,0.415,0.411,0.253,0.116,451.426,0.128,0.518,0.384,0.37,0.376,0.363,0.091,0.123
confidentiality,8,method,whole,subwords,lgbm,300-200,0.31,0.398,0.41,0.404,0.251,0.106,513.794,0.104,0.535,0.424,0.382,0.402,0.375,0.121,0.101
confidentiality,8,method,whole,subwords,lgbm,300-300,0.318,0.414,0.456,0.435,0.275,0.13,532.512,0.108,0.518,0.346,0.365,0.355,0.354,0.088,0.102
confidentiality,8,method,whole,subwords,lgbm,400-100,0.315,0.41,0.422,0.416,0.257,0.123,549.81,0.138,0.52,0.379,0.371,0.375,0.365,0.097,0.13
confidentiality,8,method,whole,subwords,lgbm,400-200,0.314,0.403,0.431,0.417,0.263,0.116,577.277,0.112,0.537,0.426,0.384,0.404,0.378,0.127,0.117
confidentiality,8,method,whole,subwords,lgbm,400-300,0.315,0.41,0.449,0.429,0.27,0.125,609.986,0.154,0.522,0.349,0.368,0.358,0.357,0.097,0.135
confidentiality,8,method,whole,subwords,lgbm,500-100,0.318,0.413,0.429,0.421,0.261,0.13,618.081,0.146,0.521,0.38,0.372,0.376,0.366,0.099,0.136
confidentiality,8,method,whole,subwords,lgbm,500-200,0.313,0.396,0.418,0.407,0.254,0.114,616.538,0.135,0.537,0.426,0.384,0.404,0.378,0.127,0.121
confidentiality,8,method,whole,subwords,lgbm,500-300,0.317,0.411,0.451,0.43,0.271,0.13,655.372,0.123,0.523,0.349,0.368,0.359,0.357,0.098,0.12
confidentiality,9,method,whole,subwords,lgbm,100-100,0.495,0.341,0.348,0.345,0.343,0.071,166.169,0.092,0.515,0.482,0.501,0.491,0.485,0.222,0.091
confidentiality,9,method,whole,subwords,lgbm,100-200,0.497,0.343,0.349,0.346,0.343,0.075,243.986,0.075,0.525,0.495,0.52,0.507,0.5,0.242,0.065
confidentiality,9,method,whole,subwords,lgbm,100-300,0.487,0.345,0.347,0.346,0.344,0.066,286.537,0.077,0.526,0.494,0.515,0.504,0.498,0.241,0.079
confidentiality,9,method,whole,subwords,lgbm,200-100,0.499,0.345,0.351,0.348,0.346,0.08,311.907,0.125,0.518,0.482,0.504,0.493,0.486,0.229,0.093
confidentiality,9,method,whole,subwords,lgbm,200-200,0.495,0.339,0.348,0.344,0.341,0.067,425.192,0.102,0.525,0.494,0.517,0.505,0.499,0.239,0.094
confidentiality,9,method,whole,subwords,lgbm,200-300,0.495,0.345,0.348,0.346,0.344,0.079,460.759,0.098,0.528,0.503,0.524,0.513,0.505,0.248,0.1
confidentiality,9,method,whole,subwords,lgbm,300-100,0.494,0.349,0.352,0.351,0.349,0.074,441.216,0.124,0.52,0.485,0.504,0.495,0.489,0.225,0.112
confidentiality,9,method,whole,subwords,lgbm,300-200,0.494,0.341,0.347,0.344,0.342,0.07,495.802,0.11,0.522,0.495,0.515,0.505,0.498,0.235,0.107
confidentiality,9,method,whole,subwords,lgbm,300-300,0.491,0.343,0.345,0.344,0.341,0.073,540.885,0.11,0.529,0.504,0.523,0.514,0.506,0.249,0.112
confidentiality,9,method,whole,subwords,lgbm,400-100,0.508,0.36,0.362,0.361,0.36,0.102,536.71,0.094,0.525,0.494,0.511,0.503,0.497,0.236,0.095
confidentiality,9,method,whole,subwords,lgbm,400-200,0.497,0.343,0.349,0.346,0.343,0.075,514.133,0.087,0.52,0.494,0.515,0.504,0.497,0.234,0.081
confidentiality,9,method,whole,subwords,lgbm,400-300,0.492,0.345,0.346,0.345,0.343,0.077,558.609,0.085,0.529,0.504,0.523,0.514,0.506,0.25,0.083
confidentiality,9,method,whole,subwords,lgbm,500-100,0.506,0.352,0.356,0.354,0.352,0.098,549.887,0.104,0.521,0.491,0.508,0.5,0.493,0.231,0.097
confidentiality,9,method,whole,subwords,lgbm,500-200,0.498,0.344,0.35,0.347,0.344,0.077,564.589,0.09,0.521,0.494,0.516,0.505,0.497,0.235,0.087
confidentiality,9,method,whole,subwords,lgbm,500-300,0.495,0.347,0.348,0.347,0.345,0.082,603.108,0.091,0.531,0.506,0.526,0.516,0.508,0.254,0.087
