key,fold
37155974070405,0
197367785719889,0
216073081059994,0
39748470357132,0
215997898475702,0
155969220935563,0
72160897805334,0
161758953254323,0
205510289083606,0
146555174890050,0
90662032557105,0
216448085679599,0
254605454495639,0
211152409676181,0
173609453287605,0
163805390765161,0
237445391102173,0
28990816412185,0
193064786297279,0
190904889504821,0
189373927366184,0
247573409163135,0
277649974295583,0
255221859831758,0
153474207068000,0
257531117795833,0
74395749279027,0
260699233011800,0
185863903179111,0
210023097516600,0
135542112568962,0
194692003668740,0
261847859907654,0
126572375421795,0
156299825804908,0
151889330075414,0
150861033069956,0
271463863388901,0
45104478266587,0
236419980733271,0
91137026418400,0
187679785052494,0
195238584524950,0
150418959786478,0
54045123379463,0
21191110664021,0
65350797154207,0
260783930236957,0
278003453170913,0
53065234868382,0
174596043277197,0
97991911809273,0
54305974935968,0
119948180324774,0
41628458308881,0
36805877083936,0
82333099637675,0
1007656817043,0
238716409299797,0
31554868995493,0
132389968777722,0
135965028403400,0
163750756044507,0
206145434120185,0
41354080032473,0
80842593364898,0
74411280625621,0
138095714815043,0
194966405239273,0
62388688486607,0
22979052641923,0
244781438545445,0
129686480317270,0
202561034915537,0
245203756237788,0
130499293007199,0
173251836146898,0
3040096692974,0
218072221651443,0
177566033629339,0
59502894642214,0
239107656718919,0
97868016314600,0
72713104007071,0
88621252356757,0
31450369562628,0
158083351361219,0
93296243731336,0
158763634917582,0
112312756650577,0
123110216332899,0
262219800670106,0
51144337342204,0
251330125165000,0
273127519957958,0
257575412379966,0
219033494586126,0
138008298199641,0
215805528912297,0
153547483134429,0
83420441941665,0
53583066579716,0
174188281376377,0
141923675029157,0
139800207004656,0
180032869988566,0
206319857137376,0
238908202134326,0
221997427444168,0
157076370696331,0
111499002136753,0
184412248298778,0
96743855023261,0
193937432233050,0
36633060085806,0
78960717615266,0
54496553612538,0
259756044458238,0
238763404763602,0
22754339098027,0
69377232914477,0
228668907203264,0
70192547611394,0
210119848000969,0
18744675584830,0
215833818807314,0
180137997591003,0
60012481107034,0
161020069269080,0
233274046647560,0
175449367134868,0
217087859911496,0
6289846105926,0
259454250181848,0
185077749426018,0
251738278470230,0
182865004459588,0
5757765105087,0
136910087313386,0
73705941111138,0
38073630382048,0
88695083925950,0
74833983208448,1
222430750261130,1
101791394414958,1
152037797868756,1
227867376886724,1
142258849827998,1
9981442049201,1
95736617601164,1
220072833876078,1
1429191114771,1
44428599037130,1
229104366158973,1
174899015604753,1
67076526392381,1
205434481647841,1
51095589759494,1
150506768311103,1
32672862871325,1
54717244763371,1
101551078721790,1
178955212761971,1
67986087150729,1
44353721567470,1
14857382555260,1
2234542723185,1
241112452206818,1
270174270404019,1
20896907004764,1
185624569606196,1
259738430194825,1
36254083208108,1
118273488687615,1
189437979882215,1
68584053633175,1
254832355905479,1
281089330725845,1
203782929663152,1
51074132938896,1
84499424963579,1
138958147712950,1
169503020740965,1
62052906743434,1
209089949668725,1
52619016024653,1
219553948289387,1
105139388733416,1
106543773126862,1
167981493164060,1
48313901746624,1
265189923856699,1
60269245310538,1
225519488785378,1
190101648064907,1
116126221258977,1
200197112577162,1
206340868124977,1
19672005663828,1
42627712024169,1
77866892620813,1
109944132382485,1
214829744978967,1
237226861740860,1
237214690846140,1
113482010660955,1
190243057204735,1
41868139773351,1
12021485524128,1
261545558829492,1
123540067030051,1
137345547173713,1
163804237960257,1
16364259245723,1
266754336067847,1
63961129526292,1
9422395842071,1
203039613154108,1
212832320086491,1
243653306044990,1
218581693051131,1
81410489232871,1
133487422340518,1
169797009914916,1
139599846031650,1
139244997565912,1
184242909527885,1
15590545599959,1
154562721285507,1
171105687562031,1
3586370747527,1
267630202809751,1
172657889916799,1
151470369247562,1
38313019371121,1
24255668660015,1
254213884407302,1
263776976948525,1
139922097078523,1
208399317995538,1
70483026169832,1
223571667097522,1
133341758012502,1
84648428014216,1
18309261768998,1
83023743673631,1
221829694056309,1
65114446961166,1
254762660409481,1
35492771307276,1
53447426744870,1
90197648679338,1
21597264609626,1
130949484787985,1
109153343986734,1
222219401341709,1
173263700439560,1
74617227888842,1
89388671906747,1
221394810717854,1
218040578895663,1
37613990351960,1
272942148660271,1
131402870562522,1
122080719172611,1
219695257813133,1
181991120972946,1
132978855831519,1
142492385853828,1
240568469786631,1
75402569898935,1
234238425498189,1
11448673738423,1
78886081097091,1
20771327675681,1
267582849121132,1
195041465472565,1
68522533505889,1
144323910815876,1
135672930623425,1
185939717059917,1
264136669702037,1
114915148092690,1
275066595137222,2
64627543952044,2
5699609863896,2
231033238683517,2
111862475924957,2
29570601713456,2
46383553386944,2
124479312608623,2
206119670627835,2
192896878353746,2
136824608434696,2
17024971539480,2
65177298628022,2
234330297000423,2
35831772788557,2
22279463598434,2
223319778402526,2
101198524136897,2
11747160796498,2
73048776476190,2
12257424714550,2
182548295699570,2
202568187122291,2
8916654887123,2
36935654991103,2
280710559432434,2
167991053957389,2
192424000533664,2
60782198408650,2
162918695029546,2
259682758679028,2
223009217037473,2
69836400491808,2
243302497680517,2
1194781211659,2
71505253313724,2
229743092148254,2
189089087486534,2
99472245884189,2
14556145169061,2
57034137102426,2
50498066488776,2
176413020761444,2
36769569154781,2
263191520905683,2
6773728226979,2
273557197771224,2
116639071543828,2
259734145088945,2
176918646944121,2
96881927633366,2
91844809711961,2
273910378909939,2
254484637510526,2
187093506471650,2
40141256237123,2
36778464039618,2
64289571734321,2
169518879646864,2
17924083344535,2
140967219225276,2
9214605868650,2
249818322744082,2
38839099860431,2
248459718079629,2
233082670971714,2
246352311113015,2
262950910445536,2
201522301182472,2
65091605402532,2
273548298310687,2
202687954246187,2
232122917466820,2
238696453275236,2
12164944929627,2
79801473570605,2
8451453770082,2
165836267968901,2
33221731047998,2
185707810486822,2
42758202899111,2
166483430419259,2
171998039286629,2
164769063481602,2
259740427130311,2
18973034771744,2
26845947789576,2
146885926687152,2
5837757731251,2
121911905598791,2
226313993584862,2
77848547336913,2
98547424728451,2
34699382241542,2
145609633944989,2
134824032373499,2
276414065072856,2
46995613253881,2
200388244506722,2
162751298094737,2
164155186295734,2
117287939953330,2
36527750132017,2
223306022717861,2
66254564092050,2
180523259180948,2
42931787493079,2
231281949122902,2
220511392651186,2
210522426176836,2
176727037097191,2
149795190813193,2
52688324048129,2
140432223591633,2
266766422113244,2
123767036329893,2
54471546583535,2
102790078465007,2
182107728351922,2
47614348240983,2
227815788884034,2
204453803879493,2
21596778802656,2
149422778705137,2
166591429392502,2
72154908740113,2
56507512419976,2
157221616217600,2
160125770916907,2
87578742684041,2
216550082652715,2
165045273842956,2
166879294318495,2
207535469703614,2
164019064777230,2
98524318696262,2
265919051756493,2
180953774874701,2
190743812218512,2
225303032551346,2
230888829532511,2
232900392499585,3
105339877168248,3
62374615948579,3
35173758667209,3
220174198708200,3
239281966787453,3
75040216855424,3
54294727526828,3
211365464071895,3
165205191379671,3
251210486404285,3
197686359084692,3
245672798011896,3
35807743270239,3
194206171404456,3
41508985190986,3
62760452118512,3
61015872981169,3
94208270600731,3
177676178629171,3
162444641624204,3
26145029940968,3
80135902447880,3
205676177442197,3
88261121011445,3
178885757950793,3
117753327041537,3
280696304047187,3
4355277441297,3
114106068455542,3
42489810950622,3
104245298923977,3
216158897846698,3
258755276199988,3
179508166724153,3
111697710754396,3
71354738364352,3
14300129936547,3
161412614554522,3
170488150753818,3
274586473392723,3
134760083088132,3
133485225853732,3
242424189259674,3
166229013436714,3
42226386347918,3
242302407908907,3
132375406754117,3
122764907443869,3
190902343668876,3
55458505571490,3
77787380741381,3
72223705576496,3
233086165122758,3
141222778570265,3
122088090197612,3
22470352658772,3
244976131668097,3
228085211385520,3
236046211255525,3
140368056302874,3
40172421727780,3
275685574926291,3
69191029043884,3
266185362293380,3
197728439723473,3
99036945036641,3
103630956890,3
228797304672766,3
666325063874,3
91447697918623,3
162607059143906,3
209918926974845,3
264043727275800,3
173307545816341,3
94037336404583,3
27350919858251,3
117297026712983,3
21458854132856,3
170661772810970,3
179318724123721,3
102690580279175,3
5384090468370,3
124936121244287,3
28701842571912,3
177598591986741,3
202818186293448,3
160615709064346,3
117118767205374,3
41354654342694,3
56940065197551,3
6926230609670,3
86824635163444,3
62304258314278,3
35464987799616,3
275303146286119,3
134911285157044,3
142974164774905,3
230022876514424,3
52448815847318,3
224813068844393,3
241786160243774,3
71320930380872,3
44936834099396,3
213351466921819,3
153737126746228,3
235460168386466,3
169895456672909,3
30060911693443,3
55611056430310,3
146725022096223,3
174155286199148,3
13886585545560,3
86838653828438,3
218214890197242,3
74209717410754,3
277088612100940,3
258144631244689,3
106256474618989,3
247075248791486,3
17370942858473,3
153900351574106,3
62792148305887,3
156849336152042,3
97336013121157,3
198524268883607,3
259320651236144,3
241604798801179,3
98534048208978,3
156768811359032,3
150211489949687,3
184788067905749,3
141221501489652,3
111754619151389,3
260180477175114,3
97405368639891,3
6102817747145,3
60779105166449,3
210182431436147,3
254889779326010,3
34944698571462,3
138546501890662,4
22295845894106,4
206083834618792,4
166516529229268,4
87710702475163,4
241811443987946,4
105327199217281,4
124726268607542,4
128983956864664,4
149099960319278,4
127943847091477,4
224630393965722,4
181246284350843,4
86495636675502,4
66703973870751,4
99226790654229,4
64415400075619,4
22143423052244,4
38619553733100,4
122300292434552,4
258181525248671,4
76995978385194,4
245439595267159,4
43363615786365,4
25624972975169,4
47724694283461,4
120081280480192,4
187032295605525,4
221335406748037,4
256759840578342,4
206251578440067,4
30340133772239,4
94322821191094,4
238878769620789,4
142967256633041,4
60701251161923,4
200425214594744,4
252750795162963,4
216125802632804,4
153394130798887,4
273709811430854,4
155915228082620,4
247209974153231,4
216308862416888,4
277986220225305,4
242559298167028,4
114871250951962,4
55189078148759,4
219969136743983,4
122767494879407,4
195277334416800,4
6468519536425,4
189679202938413,4
73689477305138,4
269318404521360,4
221290619380806,4
202068695032680,4
230747630655531,4
224186381499959,4
235885180402951,4
124205921710666,4
240633036828490,4
37362036380128,4
253036641729568,4
271203158468032,4
271699412338661,4
228162321492682,4
65317594026106,4
161823342951823,4
65103848800198,4
176156542859095,4
17305447074216,4
191689087368235,4
159009692388515,4
141353226957061,4
60326068906099,4
23736776479709,4
5269036930891,4
229317090910056,4
209510344276221,4
263604144277285,4
208220308162120,4
100653903466551,4
97432148139476,4
185098032381825,4
243013874554485,4
192555431112055,4
167724722468436,4
31569942969398,4
256476845763186,4
156230189817022,4
42968345668087,4
204213945722475,4
155074791615796,4
263169919655321,4
23636735365414,4
239801812116501,4
266600202830746,4
265798777893821,4
101253311386055,4
114036709240924,4
192277056287895,4
7091629319466,4
15014964901490,4
10793979764188,4
59872966345297,4
36354069325149,4
19752793592747,4
118557574576119,4
198369230762941,4
46369508747327,4
70342054490274,4
21752000907840,4
179333054079688,4
2079985759510,4
270267189161588,4
130064821460757,4
269583226626761,4
209446873221183,4
73638699176402,4
17558944963602,4
131966512719986,4
85836904509072,4
120179297837668,4
150045763394455,4
232659872041730,4
137679947110707,4
44069509077472,4
220050178473075,4
195034476429207,4
48443644931736,4
258212482937048,4
144708101030579,4
104619961470675,4
247097987466976,4
185800034516667,4
7969501220440,4
217511280482055,4
277443937810223,4
141286598775368,4
64043633502591,4
4259911355098,5
250193648890646,5
158567505108964,5
279254309879558,5
102280552874307,5
138405072131276,5
207651304862355,5
64201986767229,5
51501673759656,5
251528893342570,5
146784605119719,5
59618024374994,5
99064594156000,5
136485985835327,5
257992567394527,5
53103892383534,5
149884156589129,5
23906864605183,5
151084672542696,5
111180594239333,5
86772703256103,5
55792876697536,5
235952636236422,5
91096508099637,5
197795754634085,5
211763156429420,5
242549421561877,5
53831944521208,5
201892030651722,5
125300001937043,5
4638469908561,5
168857269456244,5
209007309702222,5
277804998309697,5
198395112972521,5
197262833100289,5
40163700829252,5
99880826366280,5
65424864888474,5
103832842785194,5
168156299779649,5
27064558388159,5
181330170563188,5
255261441689134,5
246357129682158,5
270905856221941,5
77521811987206,5
221999634337497,5
147436275780009,5
161325761175523,5
276567610537812,5
25101269457675,5
169772850590695,5
121255127527342,5
142266565102067,5
125139082401829,5
142889716918338,5
101616454375771,5
229693874153016,5
62445384608215,5
246621254551908,5
31614090967871,5
47166617628489,5
168001804987766,5
39264586140631,5
54662762374441,5
120219799321393,5
115903753899210,5
250410684925538,5
155080105594578,5
166205796579795,5
258231159313204,5
128713970172908,5
138535484576581,5
225831669074869,5
168117794401264,5
270778185566948,5
96305224691464,5
158210138036848,5
93661056267768,5
160057356160160,5
121304617618205,5
147600487103096,5
17973833754193,5
155385250581081,5
226544621600991,5
197461140894593,5
5411248398233,5
238025042525591,5
190360074788715,5
72802433413660,5
213660296787828,5
53289350135963,5
40205479765770,5
73320694592158,5
155829444409038,5
80941703553518,5
81391131549905,5
147714338573358,5
116397052264586,5
64204481366835,5
127000749160966,5
133526470199707,5
164416297308547,5
77483822916523,5
92104033128611,5
166082004451437,5
107363254655368,5
222836618488300,5
134880837060908,5
140830355678571,5
152416887056083,5
61994133937477,5
249995332831464,5
76344332492267,5
66155202803378,5
80746310433040,5
266694107599061,5
56823015224322,5
227924627558922,5
237817358067925,5
198337444644229,5
47520440016045,5
58799376301941,5
39182521177809,5
107128010922560,5
76223712940166,5
197572885695179,5
20254835253943,5
144736161128897,5
33105160235627,5
259771396729345,5
260901049598792,5
133284352022745,5
16830844271480,5
46872121657952,5
146303797897370,5
209224959646815,5
83148532594902,5
89357737775438,5
68134305868918,5
135362022751343,6
137168312175821,6
210647128151956,6
13889336079579,6
157025504148178,6
87235716955998,6
130592763072011,6
5899014282431,6
136344541354848,6
201745921798915,6
241284789527923,6
153632787327870,6
183003252043825,6
225413874944996,6
160222565182164,6
75778930995166,6
113494398606924,6
69202119649675,6
275166680301222,6
141189323617990,6
152344074764640,6
268004914947550,6
141767180757193,6
146879157943765,6
200407463483874,6
189607879224761,6
181547292298249,6
146562153789477,6
231124863276965,6
212593685470394,6
135961319429123,6
107589396903499,6
125930241040292,6
23434917812392,6
40665948598886,6
192077410298719,6
203987543833626,6
11455426000013,6
43937841580028,6
60351948007867,6
110173702622631,6
78218408452487,6
192641434058163,6
126615171526774,6
26855182309776,6
185901980240066,6
122762037993953,6
264455788447847,6
173408640636348,6
279059321388205,6
155744320891552,6
57267210846683,6
194406890253002,6
128342967757586,6
83705433877404,6
111151637023385,6
33331296430004,6
171780625498901,6
205169227716195,6
85911634517367,6
241221830881756,6
171378677641244,6
276352342077479,6
179359907677996,6
272708035650343,6
102765616271142,6
169194811287959,6
77131332971221,6
169663369817737,6
116876298797124,6
266973114923087,6
89951525668780,6
646669902388,6
89350195023059,6
62759541491833,6
259514027201472,6
100743022497283,6
57290396814586,6
262375603690715,6
46599236497539,6
136831747050901,6
1963052696895,6
185566355226654,6
147784124015923,6
151187686144494,6
104190513683423,6
56401320770340,6
215542453794598,6
221479658842134,6
69767153814936,6
147960722283321,6
117947833472521,6
211376091019080,6
108293454422982,6
161938281715842,6
264032632351060,6
223751189765072,6
84833431248385,6
49698132002232,6
101981889181572,6
198732109110174,6
4331029890159,6
169532622851310,6
246782851067793,6
179170966917535,6
142022120868345,6
197664355518637,6
68461737610691,6
205460486638180,6
259351152332354,6
29660488739869,6
222775757457258,6
159273357908937,6
182268855064754,6
244256108721530,6
155677351542464,6
191975583391519,6
227396328926412,6
127291202165780,6
148185603799823,6
136049606418206,6
46324730675269,6
249706340394819,6
195749294896941,6
254448111548773,6
46388950084485,6
197397428732023,6
83893195124353,6
267527154733289,6
181951779990116,6
90391996560494,6
113574452173407,6
225287995276808,6
181576382963898,6
161466276646611,6
172738455282536,6
149773009019851,6
220062670801560,6
98521972676419,6
105969178898435,6
146753050369701,6
123682712938214,7
254494678433079,7
246750242934553,7
213449352382164,7
280502760146734,7
23503623856512,7
181378741733865,7
8979044087829,7
230955013643629,7
43827723191200,7
18140576312874,7
204667757487817,7
48580351433681,7
33277616792637,7
54069726019234,7
151168377447191,7
102044616285805,7
69065410423188,7
126712714818835,7
12497975187050,7
24655209761184,7
214796427071117,7
38513762468951,7
262911229118536,7
168567924829046,7
144124572999391,7
46881140852811,7
232569754365489,7
32675326304870,7
201881865919002,7
74837486252053,7
38094862190971,7
52397953854764,7
26633353746687,7
236311300401703,7
172801309840261,7
139294377915456,7
259458705036597,7
103702135171709,7
86702589041465,7
222307670793650,7
1600530966104,7
177757662501812,7
73699557051430,7
32932397752966,7
15560804826882,7
36554034549711,7
25949432629852,7
94795444593860,7
246922857591312,7
95418077740539,7
211025197126731,7
53582299771900,7
94006709311032,7
256170966596624,7
144611438943617,7
3281641827286,7
191009801620535,7
254468635847548,7
91460966877813,7
18790140192379,7
228158705489178,7
217341879861325,7
69026359126879,7
206947006279613,7
104903375492078,7
61529440464449,7
240074549254959,7
173239455381271,7
40303349599212,7
61272730698210,7
215550011056033,7
156820212051210,7
99594037404372,7
76082675929421,7
84168851007584,7
163311173501501,7
71089709871251,7
58953464397313,7
197194550951970,7
189682496095983,7
194782446258333,7
97870201911031,7
251580004403685,7
245786066427705,7
192303380557173,7
113117416772213,7
75712214906235,7
169061414001804,7
4044726625337,7
117890183795875,7
169513943353691,7
56996316386334,7
230580836148262,7
235249017354350,7
15586783543021,7
266119455705365,7
139728373565085,7
100432452559661,7
259432047941529,7
904588497405,7
172517424501631,7
247096157158685,7
272031543398055,7
50336381898629,7
23356188022695,7
150651801016097,7
277255746595202,7
157340872542118,7
231627202486296,7
21719851191123,7
280838201845357,7
267094572169794,7
94110858538965,7
157401262720334,7
277249781503008,7
280574866665562,7
12065912681367,7
140525014737429,7
121479256301648,7
194931084516486,7
240144415085837,7
22628850948147,7
152275800165078,7
70777084044821,7
112860108351411,7
151807783553772,7
88403081810333,7
221249475380593,7
206324256218588,7
100276245603634,7
13868348032002,7
56750477991265,7
227413810057489,7
251414808612112,7
247251207984336,7
271358459853183,7
20090754719203,7
21581448675515,7
124574692257845,7
131095162244986,7
159730881686660,8
51774920362454,8
129870524919814,8
210795683438242,8
166730546569312,8
62732241422301,8
254799036008364,8
148409920767182,8
38929606679939,8
210835386616762,8
233545805543791,8
205638511041975,8
256886847675504,8
124329274903553,8
39654347474326,8
117234890229481,8
214081579071546,8
201149780199293,8
74362927018821,8
94911435136824,8
144674959118128,8
219567746910517,8
95382577032311,8
94422625486835,8
184545659120197,8
110244504193259,8
93523008692352,8
113657732678829,8
249763172027129,8
71154366414770,8
226116996254452,8
13734041305344,8
108356915560717,8
86301785199191,8
238657859367082,8
119098506083509,8
38581869493247,8
62741263350498,8
19778933143724,8
237819894733285,8
75777827922338,8
264537108326166,8
260704559380101,8
170858821632561,8
124595208542060,8
230629814435299,8
97476671700994,8
202135491802056,8
236861746705798,8
262153439319788,8
70255267325238,8
151003847282373,8
167394408220146,8
183884660742881,8
234198575230264,8
9848748257618,8
57470759251226,8
143132687545546,8
153662698832242,8
140117723108764,8
259343062111183,8
211679981792412,8
69497565780041,8
264055078381431,8
18161209159591,8
209518059703289,8
196072859742515,8
25116432802328,8
182408556401874,8
257028196166340,8
32407021647010,8
88094652850420,8
28108390289375,8
55658090652088,8
258404546650957,8
211641452021362,8
150908624456248,8
121199373224965,8
176181469092232,8
161391951079888,8
180971977459148,8
251344181700054,8
142552316912395,8
63358422308442,8
48917225912342,8
247281065862840,8
147898421136494,8
81506753685665,8
210452064364453,8
181552158559837,8
207043835474191,8
93912849155110,8
90608877064864,8
50071383110677,8
205591468271910,8
63963647488605,8
180585214764984,8
225530616323521,8
160726085320662,8
59552264279516,8
124857892698475,8
272268540323486,8
235279715619887,8
189255316602206,8
196201111198586,8
186382395745003,8
249109398439396,8
37886649253249,8
274630842563298,8
115536903024911,8
5253605995995,8
217323945734893,8
273423416110217,8
132969144040131,8
233162609960794,8
233591722297790,8
191429894491672,8
87800271706326,8
120111427756000,8
169448855715066,8
172616460339857,8
683149851186,8
17806268786171,8
226040304982680,8
267729644699343,8
164850628896544,8
193353029570989,8
4473475010383,8
75919025240778,8
199316795461689,8
165393675893262,8
209180937006622,8
207569975464792,8
41790082138440,8
27495912944381,8
186628017435707,8
275987812868207,8
184708885134274,8
16297307807793,8
94234083632549,8
251594918444860,8
77801230178733,9
259698427765403,9
35385092016863,9
167336808688813,9
28509845466250,9
180110251360741,9
96929108106969,9
191058695236311,9
7472353953689,9
74396188645865,9
217024699418294,9
220887240578993,9
64815801689938,9
88844800706156,9
258225309271140,9
37165689268896,9
133687629241400,9
175430955789793,9
223336303056710,9
94325512597176,9
113920335721181,9
39609198476760,9
256805830060086,9
250580999381853,9
67423581245649,9
254377075124304,9
21777167019505,9
91066911579131,9
16759516139730,9
61130809351203,9
255656572910704,9
197351825487839,9
136978851251665,9
38850734325285,9
37842344381064,9
278801169857448,9
110688348347794,9
23955142036032,9
261653516294343,9
184720809118223,9
64769243176652,9
162145348916927,9
103280111974473,9
26727100442895,9
107817677740562,9
79404458445583,9
208846565832043,9
280528428665733,9
196074641961303,9
218437928961507,9
147761885724278,9
82758971828426,9
65585394579348,9
274631007707739,9
18806547608105,9
197309899196577,9
81315605723695,9
171949580244757,9
146332215983822,9
167986247666358,9
17356673233973,9
225807016407888,9
89262957638804,9
163608308716942,9
129321614263635,9
130496046604415,9
65715405115529,9
201457587914494,9
243925628109774,9
119346731807496,9
130384563535273,9
263102704551683,9
102112224651200,9
109274223944827,9
206566997275335,9
124181404278768,9
184880266482396,9
194841385101086,9
122264640449763,9
74807282453340,9
197951255853323,9
120932043450301,9
188606290936842,9
209661850063214,9
181138185000539,9
180960282279984,9
50900680314562,9
36750617830179,9
24373629972486,9
52294093550065,9
250064119627163,9
116266740065560,9
96478990617743,9
234591919136640,9
56962328686003,9
38305719274124,9
128239298700342,9
143357096962850,9
248754075533129,9
216647546311912,9
30742807765201,9
7619262249841,9
94243281756395,9
132726206423141,9
114997785457215,9
163496045031385,9
165087557281980,9
73477961037239,9
265800193437794,9
269242900647420,9
104943667151846,9
61534061700647,9
117739532123741,9
153750350114947,9
270715554018533,9
14712018370045,9
76149005246276,9
179139681697980,9
83637398675192,9
129967578341582,9
261258992484827,9
181375663632567,9
253356221320133,9
251926012701841,9
2990227570075,9
177463340778939,9
46282741562018,9
121838492051587,9
237870103214336,9
115443666656031,9
223178677114380,9
160772665740180,9
37146601474609,9
269022557761857,9
156840345163662,9
206370127094131,9
262930828204076,9
46628775179969,9
178950101493244,9
52548238596841,9
275134429177168,9
105826075830062,9
53646137091468,9
267901181643011,9
145541093317700,9
12746283225327,9
107910028751405,9
